{"stats":{"minecraft:killed":{"minecraft:sheep":1},"minecraft:custom":{"minecraft:sprint_one_cm":1071,"minecraft:time_since_rest":1401,"minecraft:walk_one_cm":498,"minecraft:total_world_time":1401,"minecraft:fly_one_cm":4102,"minecraft:mob_kills":1,"minecraft:play_time":1401,"minecraft:damage_dealt":80,"minecraft:jump":11,"minecraft:time_since_death":1401},"minecraft:used":{"ores_you_know:rubidium_sword":2,"ores_you_know:rubidium_armor_helmet":1,"ores_you_know:rubidium_armor_leggings":1,"ores_you_know:rubidium_armor_boots":1,"ores_you_know:rubidium_armor_chestplate":1},"minecraft:picked_up":{"minecraft:white_wool":1,"minecraft:mutton":1}},"DataVersion":4440}