{
  "_fv": 79,
  "_type": "recipe",
  "definition": {
    "recipeType": "Smelting",
    "recipeRetstackSize": 1,
    "group": "",
    "unlockingItems": [
      {
        "value": "CUSTOM:BudOre"
      }
    ],
    "cookingBookCategory": "MISC",
    "xpReward": 0.7,
    "cookingTime": 200,
    "craftingBookCategory": "MISC",
    "recipeShapeless": false,
    "recipeSlots": [
      {
        "value": ""
      },
      {
        "value": ""
      },
      {
        "value": ""
      },
      {
        "value": ""
      },
      {
        "value": ""
      },
      {
        "value": ""
      },
      {
        "value": ""
      },
      {
        "value": ""
      },
      {
        "value": ""
      }
    ],
    "recipeReturnStack": {
      "value": ""
    },
    "smeltingInputStack": {
      "value": "CUSTOM:BudOre"
    },
    "smeltingReturnStack": {
      "value": "CUSTOM:BudIngot"
    },
    "name": "bud_ore_smelting",
    "namespace": "mod"
  }
}