{
  "_fv": 79,
  "_type": "recipe",
  "definition": {
    "recipeType": "Crafting",
    "recipeRetstackSize": 1,
    "group": "",
    "unlockingItems": [
      {
        "value": "CUSTOM:MythrilOreIngot"
      }
    ],
    "cookingBookCategory": "MISC",
    "xpReward": 0.0,
    "cookingTime": 200,
    "craftingBookCategory": "EQUIPMENT",
    "recipeShapeless": false,
    "recipeSlots": [
      {
        "value": "CUSTOM:MythrilOreIngot"
      },
      {
        "value": ""
      },
      {
        "value": "CUSTOM:MythrilOreIngot"
      },
      {
        "value": "CUSTOM:MythrilOreIngot"
      },
      {
        "value": "CUSTOM:MythrilOreIngot"
      },
      {
        "value": "CUSTOM:MythrilOreIngot"
      },
      {
        "value": "CUSTOM:MythrilOreIngot"
      },
      {
        "value": "CUSTOM:MythrilOreIngot"
      },
      {
        "value": "CUSTOM:MythrilOreIngot"
      }
    ],
    "recipeReturnStack": {
      "value": "CUSTOM:MythrilOreArmor.body"
    },
    "name": "mythril_ore_armor_chestplate_recipe",
    "namespace": "mod"
  }
}