{
  "_fv": 79,
  "_type": "recipe",
  "definition": {
    "recipeType": "Crafting",
    "recipeRetstackSize": 1,
    "group": "",
    "unlockingItems": [
      {
        "value": "CUSTOM:SunStoneIngot"
      }
    ],
    "cookingBookCategory": "MISC",
    "xpReward": 0.0,
    "cookingTime": 200,
    "craftingBookCategory": "BUILDING",
    "recipeShapeless": false,
    "recipeSlots": [
      {
        "value": "CUSTOM:SunStoneIngot"
      },
      {
        "value": "CUSTOM:SunStoneIngot"
      },
      {
        "value": "CUSTOM:SunStoneIngot"
      },
      {
        "value": "CUSTOM:SunStoneIngot"
      },
      {
        "value": "CUSTOM:SunStoneIngot"
      },
      {
        "value": "CUSTOM:SunStoneIngot"
      },
      {
        "value": "CUSTOM:SunStoneIngot"
      },
      {
        "value": "CUSTOM:SunStoneIngot"
      },
      {
        "value": "CUSTOM:SunStoneIngot"
      }
    ],
    "recipeReturnStack": {
      "value": "CUSTOM:SunStoneBlock"
    },
    "name": "sun_stone_ore_block_recipe",
    "namespace": "mod"
  }
}